ach,cortisol,ne,serotonin,stage,time_hours
0.512,0.355,0.2901,0.3101,N1,0.0
0.5113,0.3068,0.3173,0.3024,N1,0.008333
0.4943,0.3395,0.2828,0.303,N1,0.016667
0.4828,0.3492,0.2764,0.2972,N1,0.025
0.4984,0.3377,0.2864,0.2709,N1,0.033333
0.505,0.3413,0.2857,0.2958,N1,0.041667
0.5045,0.3666,0.31,0.2815,N1,0.05
0.4912,0.3449,0.3107,0.3029,N1,0.058333
0.5336,0.3759,0.3082,0.3028,N1,0.066667
0.5028,0.3377,0.2857,0.2873,N1,0.075
0.4582,0.3251,0.2566,0.2853,N2,0.083333
0.4565,0.3758,0.283,0.293,N2,0.091667
0.4115,0.328,0.2819,0.2661,N2,0.1
0.4649,0.2982,0.2718,0.2716,N2,0.108333
0.4536,0.3626,0.2738,0.2708,N2,0.116667
0.479,0.3796,0.2992,0.2399,N2,0.125
0.4769,0.3555,0.3299,0.2849,N2,0.133333
0.4377,0.349,0.2841,0.2614,N2,0.141667
0.4444,0.333,0.2859,0.3025,N2,0.15
0.4419,0.3017,0.2381,0.2691,N2,0.158333
0.4511,0.3033,0.2819,0.2807,N2,0.166667
0.4482,0.3764,0.282,0.2833,N2,0.175
0.4816,0.3268,0.2935,0.2532,N2,0.183333
0.4651,0.3396,0.2791,0.2476,N2,0.191667
0.4772,0.3527,0.2583,0.289,N2,0.2
0.4256,0.3051,0.281,0.3006,N2,0.208333
0.4455,0.3124,0.2638,0.2783,N2,0.216667
0.4721,0.3163,0.2768,0.2897,N2,0.225
0.4167,0.3482,0.2568,0.2652,N2,0.233333
0.4604,0.3523,0.2476,0.2861,N2,0.241667
0.4757,0.3181,0.2406,0.2773,N2,0.25
0.4256,0.297,0.2772,0.2422,N2,0.258333
0.4536,0.3223,0.2948,0.256,N2,0.266667
0.4705,0.3114,0.2859,0.2735,N2,0.275
0.4606,0.3168,0.262,0.287,N2,0.283333
0.4382,0.3305,0.2829,0.2795,N2,0.291667
0.4452,0.3142,0.2862,0.2637,N2,0.3
0.4579,0.3684,0.2886,0.2866,N2,0.308333
0.4425,0.3091,0.2999,0.2668,N2,0.316667
0.4549,0.3381,0.2629,0.2639,N2,0.325
0.4359,0.3394,0.3196,0.2798,N2,0.333333
0.4387,0.3129,0.2446,0.2922,N2,0.341667
0.463,0.3609,0.2799,0.2819,N2,0.35
0.459,0.3202,0.2776,0.2699,N2,0.358333
0.4203,0.3117,0.2284,0.2743,N2,0.366667
0.4664,0.3349,0.2985,0.2671,N2,0.375
0.4844,0.3069,0.2648,0.264,N2,0.383333
0.452,0.3109,0.2728,0.2612,N2,0.391667
0.4701,0.3105,0.3063,0.2673,N2,0.4
0.4378,0.3256,0.2671,0.2667,N2,0.408333
0.3035,0.3298,0.2041,0.1559,N3,0.416667
0.2816,0.3082,0.192,0.2065,N3,0.425
0.3046,0.2896,0.2015,0.2125,N3,0.433333
0.2992,0.3458,0.2329,0.1942,N3,0.441667
0.2925,0.3443,0.1855,0.2045,N3,0.45
0.326,0.3347,0.1906,0.2211,N3,0.458333
0.3125,0.2754,0.2076,0.1417,N3,0.466667
0.2733,0.3362,0.1856,0.2251,N3,0.475
0.2743,0.3131,0.1865,0.2327,N3,0.483333
0.252,0.3002,0.2141,0.2105,N3,0.491667
0.3189,0.3171,0.2338,0.2085,N3,0.5
0.3037,0.3157,0.1852,0.1769,N3,0.508333
0.3475,0.2867,0.2001,0.2111,N3,0.516667
0.3187,0.2959,0.1957,0.1865,N3,0.525
0.2808,0.3192,0.2256,0.2025,N3,0.533333
0.3325,0.2961,0.1922,0.1796,N3,0.541667
0.3089,0.3149,0.2017,0.1944,N3,0.55
0.3134,0.3105,0.2174,0.2183,N3,0.558333
0.2717,0.3026,0.1896,0.237,N3,0.566667
0.2691,0.3019,0.1842,0.1576,N3,0.575
0.28,0.3198,0.2108,0.1763,N3,0.583333
0.2892,0.2865,0.1918,0.2189,N3,0.591667
0.3232,0.2825,0.1951,0.2083,N3,0.6
0.2936,0.25,0.194,0.2169,N3,0.608333
0.2904,0.3352,0.1992,0.1894,N3,0.616667
0.3306,0.3014,0.238,0.1468,N3,0.625
0.3409,0.2941,0.1879,0.1869,N3,0.633333
0.2778,0.2722,0.1668,0.223,N3,0.641667
0.2682,0.2807,0.2161,0.1951,N3,0.65
0.3105,0.3042,0.1959,0.2053,N3,0.658333
0.3014,0.2837,0.2368,0.1854,N3,0.666667
0.3361,0.3461,0.1776,0.2053,N3,0.675
0.2997,0.2896,0.1896,0.1959,N3,0.683333
0.2638,0.2978,0.1865,0.1889,N3,0.691667
0.2411,0.2964,0.2057,0.1911,N3,0.7
0.2919,0.2815,0.2296,0.1969,N3,0.708333
0.302,0.3034,0.1628,0.2024,N3,0.716667
0.3253,0.2937,0.1882,0.1633,N3,0.725
0.2868,0.3016,0.1991,0.2142,N3,0.733333
0.3326,0.3003,0.1736,0.1866,N3,0.741667
0.3023,0.2879,0.2392,0.1998,N3,0.75
0.283,0.3137,0.1783,0.2199,N3,0.758333
0.2653,0.2966,0.2041,0.1643,N3,0.766667
0.3058,0.2521,0.2094,0.188,N3,0.775
0.3143,0.2664,0.1963,0.2122,N3,0.783333
0.2794,0.2715,0.1725,0.1775,N3,0.791667
0.3445,0.2541,0.207,0.1827,N3,0.8
0.3237,0.2738,0.2148,0.1863,N3,0.808333
0.3241,0.2557,0.2238,0.1903,N3,0.816667
0.3227,0.2975,0.1939,0.2192,N3,0.825
0.3051,0.2726,0.218,0.2196,N3,0.833333
0.3097,0.2447,0.1892,0.2015,N3,0.841667
0.2779,0.285,0.22,0.1842,N3,0.85
0.2851,0.3093,0.1871,0.1736,N3,0.858333
0.3104,0.3071,0.1701,0.1945,N3,0.866667
0.2892,0.2847,0.2297,0.2251,N3,0.875
0.3128,0.287,0.1444,0.2105,N3,0.883333
0.2986,0.284,0.1558,0.1832,N3,0.891667
0.2843,0.2857,0.1571,0.2172,N3,0.9
0.3358,0.2883,0.2242,0.1666,N3,0.908333
0.2937,0.2849,0.2086,0.2091,N3,0.916667
0.2771,0.25,0.176,0.2225,N3,0.925
0.2579,0.2541,0.1639,0.2111,N3,0.933333
0.2942,0.3142,0.1996,0.2482,N3,0.941667
0.3017,0.2821,0.1825,0.2376,N3,0.95
0.2855,0.2758,0.2318,0.2065,N3,0.958333
0.2971,0.2842,0.1875,0.1778,N3,0.966667
0.3058,0.2979,0.2036,0.1921,N3,0.975
0.317,0.27,0.209,0.1915,N3,0.983333
0.2655,0.2751,0.2175,0.207,N3,0.991667
0.3031,0.2733,0.205,0.1709,N3,1.0
0.3427,0.2599,0.2099,0.1706,N3,1.008333
0.45,0.2812,0.2868,0.2907,N2,1.016667
0.4687,0.2822,0.2678,0.318,N2,1.025
0.4742,0.2287,0.2745,0.2768,N2,1.033333
0.4082,0.2978,0.2769,0.3181,N2,1.041667
0.4672,0.2527,0.3044,0.263,N2,1.05
0.4396,0.2433,0.2899,0.3061,N2,1.058333
0.4587,0.271,0.2748,0.2926,N2,1.066667
0.4333,0.2782,0.2636,0.2911,N2,1.075
0.4744,0.2729,0.2886,0.2615,N2,1.083333
0.4544,0.2397,0.2804,0.2793,N2,1.091667
0.4706,0.2814,0.2935,0.2733,N2,1.1
0.4521,0.2996,0.2895,0.2742,N2,1.108333
0.4739,0.2821,0.3031,0.2832,N2,1.116667
0.4367,0.2364,0.2808,0.2841,N2,1.125
0.4809,0.2131,0.3051,0.2924,N2,1.133333
0.4512,0.2487,0.3083,0.3078,N2,1.141667
0.4635,0.2604,0.2629,0.309,N2,1.15
0.4597,0.2635,0.2684,0.2634,N2,1.158333
0.4103,0.277,0.2591,0.2845,N2,1.166667
0.453,0.2558,0.263,0.2615,N2,1.175
0.4597,0.259,0.2553,0.347,N2,1.183333
0.4798,0.2386,0.2866,0.2944,N2,1.191667
0.4657,0.2622,0.3009,0.311,N2,1.2
0.4527,0.2426,0.2795,0.29,N2,1.208333
0.4489,0.2441,0.2818,0.2987,N2,1.216667
0.4437,0.2781,0.298,0.2896,N2,1.225
0.469,0.2261,0.2579,0.2726,N2,1.233333
0.4565,0.2653,0.2954,0.2721,N2,1.241667
0.4128,0.235,0.2537,0.2896,N2,1.25
0.5133,0.2598,0.3186,0.3042,N2,1.258333
0.4684,0.2272,0.2825,0.2539,N2,1.266667
0.485,0.2498,0.2816,0.2739,N2,1.275
0.4254,0.2571,0.2725,0.2717,N2,1.283333
0.4722,0.2128,0.2611,0.2587,N2,1.291667
0.4809,0.2512,0.3171,0.2638,N2,1.3
0.4514,0.2642,0.3045,0.2722,N2,1.308333
0.4366,0.2527,0.2798,0.2657,N2,1.316667
0.4211,0.2255,0.2626,0.2811,N2,1.325
0.4193,0.2597,0.3037,0.2498,N2,1.333333
0.4081,0.2885,0.2747,0.2581,N2,1.341667
0.4223,0.2268,0.2806,0.285,N2,1.35
0.4555,0.2303,0.2764,0.2233,N2,1.358333
0.4431,0.2496,0.2707,0.266,N2,1.366667
0.4456,0.2467,0.2821,0.2385,N2,1.375
0.4613,0.2462,0.2937,0.284,N2,1.383333
0.4574,0.2737,0.2896,0.3086,N2,1.391667
0.4531,0.2184,0.3008,0.2831,N2,1.4
0.4609,0.2607,0.2929,0.3012,N2,1.408333
0.4666,0.2378,0.2791,0.2763,N2,1.416667
0.4714,0.2402,0.2636,0.2718,N2,1.425
0.4472,0.2392,0.2959,0.2807,N2,1.433333
0.4432,0.2484,0.2626,0.3196,N2,1.441667
0.4244,0.2428,0.277,0.2832,N2,1.45
0.4346,0.277,0.2891,0.2695,N2,1.458333
0.4345,0.2332,0.2674,0.2629,N2,1.466667
0.4576,0.1835,0.2921,0.2692,N2,1.475
0.4433,0.2183,0.2649,0.2599,N2,1.483333
0.4418,0.2368,0.2906,0.2769,N2,1.491667
0.4162,0.2141,0.2284,0.3156,N2,1.5
0.4413,0.234,0.301,0.2844,N2,1.508333
0.8495,0.2545,0.0265,0.0169,REM,1.516667
0.9272,0.2341,0.0593,0.0746,REM,1.525
0.8976,0.2467,0.039,0.0506,REM,1.533333
0.8747,0.2173,0.0524,0.0647,REM,1.541667
0.899,0.198,0.0493,0.0782,REM,1.55
0.9274,0.2461,0.0547,0.0789,REM,1.558333
0.9131,0.1898,0.0466,0.0426,REM,1.566667
0.8821,0.2289,0.0446,0.0481,REM,1.575
0.8908,0.2338,0.0,0.0574,REM,1.583333
0.923,0.2315,0.0358,0.0573,REM,1.591667
0.8919,0.2386,0.0746,0.0706,REM,1.6
0.8965,0.2148,0.0322,0.0548,REM,1.608333
0.8862,0.2451,0.0535,0.0822,REM,1.616667
0.8875,0.2326,0.0721,0.0577,REM,1.625
0.8779,0.2235,0.0501,0.0165,REM,1.633333
0.9298,0.2016,0.0555,0.0557,REM,1.641667
0.5236,0.2409,0.3124,0.3288,N1,1.65
0.5247,0.1953,0.3066,0.3102,N1,1.658333
0.4864,0.2591,0.2892,0.3454,N1,1.666667
0.5234,0.2051,0.2873,0.291,N1,1.675
0.4784,0.1879,0.2935,0.2796,N1,1.683333
0.5038,0.2127,0.2775,0.3166,N1,1.691667
0.4823,0.2338,0.2992,0.2719,N1,1.7
0.5018,0.2453,0.3274,0.26,N1,1.708333
0.4616,0.2306,0.2836,0.2749,N2,1.716667
0.4395,0.1925,0.2577,0.2657,N2,1.725
0.4378,0.2008,0.2281,0.3094,N2,1.733333
0.476,0.245,0.2538,0.2858,N2,1.741667
0.4509,0.2117,0.2968,0.2912,N2,1.75
0.4775,0.2311,0.3067,0.2748,N2,1.758333
0.4712,0.2098,0.2756,0.2668,N2,1.766667
0.4285,0.2031,0.2839,0.2446,N2,1.775
0.4335,0.2044,0.2745,0.2917,N2,1.783333
0.442,0.2311,0.3099,0.2702,N2,1.791667
0.4575,0.2383,0.3047,0.2942,N2,1.8
0.4503,0.2398,0.3051,0.2318,N2,1.808333
0.4219,0.2343,0.3081,0.2915,N2,1.816667
0.4547,0.2149,0.2577,0.2621,N2,1.825
0.4439,0.1923,0.2781,0.2689,N2,1.833333
0.4314,0.1671,0.2853,0.2725,N2,1.841667
0.4529,0.1856,0.3094,0.2921,N2,1.85
0.4473,0.2356,0.2935,0.2558,N2,1.858333
0.4464,0.1929,0.3055,0.3215,N2,1.866667
0.4534,0.2113,0.2549,0.3006,N2,1.875
0.454,0.2098,0.2918,0.2496,N2,1.883333
0.4497,0.1844,0.2821,0.273,N2,1.891667
0.4124,0.2322,0.2914,0.2704,N2,1.9
0.464,0.1772,0.2759,0.2936,N2,1.908333
0.4206,0.1908,0.2986,0.3187,N2,1.916667
0.4401,0.2326,0.2984,0.2708,N2,1.925
0.4313,0.1995,0.2751,0.2974,N2,1.933333
0.3999,0.2214,0.2949,0.3065,N2,1.941667
0.4295,0.1921,0.2816,0.2513,N2,1.95
0.4953,0.19,0.2877,0.276,N2,1.958333
0.4266,0.2078,0.2844,0.2458,N2,1.966667
0.4936,0.199,0.3003,0.2416,N2,1.975
0.4793,0.1812,0.2811,0.2972,N2,1.983333
0.4728,0.1747,0.2947,0.2897,N2,1.991667
0.4501,0.1946,0.2819,0.2701,N2,2.0
0.4388,0.1971,0.2731,0.2747,N2,2.008333
0.4513,0.1614,0.3052,0.2486,N2,2.016667
0.4563,0.1929,0.2618,0.2936,N2,2.025
0.4639,0.175,0.2854,0.3254,N2,2.033333
0.4468,0.1799,0.2636,0.2934,N2,2.041667
0.4288,0.1973,0.2693,0.2882,N2,2.05
0.4631,0.1894,0.2767,0.2749,N2,2.058333
0.41,0.1866,0.2762,0.2907,N2,2.066667
0.4146,0.1769,0.2903,0.2903,N2,2.075
0.4445,0.1985,0.3086,0.3014,N2,2.083333
0.4861,0.1881,0.2798,0.2977,N2,2.091667
0.4102,0.1556,0.2776,0.2624,N2,2.1
0.4312,0.195,0.3089,0.3033,N2,2.108333
0.2985,0.1982,0.2025,0.222,N3,2.116667
0.2998,0.1932,0.1835,0.2066,N3,2.125
0.2959,0.1958,0.1832,0.216,N3,2.133333
0.3317,0.1693,0.2122,0.1907,N3,2.141667
0.3156,0.1967,0.2068,0.2066,N3,2.15
0.2963,0.1543,0.2065,0.1935,N3,2.158333
0.2972,0.1712,0.1879,0.2091,N3,2.166667
0.338,0.1621,0.2129,0.2344,N3,2.175
0.2908,0.1984,0.1725,0.2276,N3,2.183333
0.2618,0.1779,0.2009,0.2477,N3,2.191667
0.3067,0.1393,0.2177,0.1591,N3,2.2
0.2808,0.1775,0.1947,0.1865,N3,2.208333
0.2712,0.1552,0.1865,0.1978,N3,2.216667
0.271,0.2032,0.2425,0.1404,N3,2.225
0.3063,0.161,0.2086,0.1857,N3,2.233333
0.3006,0.1348,0.2232,0.1909,N3,2.241667
0.2888,0.166,0.1771,0.2161,N3,2.25
0.3314,0.1506,0.1997,0.2302,N3,2.258333
0.2836,0.1674,0.1986,0.1983,N3,2.266667
0.3081,0.1935,0.189,0.1966,N3,2.275
0.3194,0.1331,0.1517,0.1973,N3,2.283333
0.3286,0.1592,0.2054,0.1916,N3,2.291667
0.3145,0.1989,0.2396,0.1874,N3,2.3
0.3396,0.1874,0.1775,0.2172,N3,2.308333
0.2786,0.1678,0.2102,0.1876,N3,2.316667
0.3088,0.2079,0.2153,0.2309,N3,2.325
0.3051,0.1583,0.1966,0.1755,N3,2.333333
0.2934,0.152,0.2133,0.1966,N3,2.341667
0.2917,0.1529,0.1802,0.238,N3,2.35
0.299,0.1577,0.1863,0.2241,N3,2.358333
0.2999,0.16,0.1804,0.2118,N3,2.366667
0.29,0.1332,0.2269,0.2173,N3,2.375
0.3009,0.1423,0.2181,0.192,N3,2.383333
0.3011,0.1509,0.1869,0.2043,N3,2.391667
0.3032,0.18,0.2034,0.1848,N3,2.4
0.3524,0.1274,0.2187,0.2295,N3,2.408333
0.3036,0.154,0.1952,0.1954,N3,2.416667
0.3083,0.1602,0.1933,0.1672,N3,2.425
0.2961,0.1497,0.1938,0.1852,N3,2.433333
0.293,0.1723,0.191,0.2015,N3,2.441667
0.284,0.1612,0.1826,0.2108,N3,2.45
0.3169,0.151,0.2153,0.176,N3,2.458333
0.2728,0.1492,0.1975,0.2127,N3,2.466667
0.3016,0.125,0.2186,0.1557,N3,2.475
0.4369,0.1406,0.2952,0.2762,N2,2.483333
0.4344,0.1546,0.2677,0.3126,N2,2.491667
0.4611,0.1529,0.2575,0.2845,N2,2.5
0.4613,0.1384,0.3119,0.2721,N2,2.508333
0.4742,0.0995,0.3137,0.2683,N2,2.516667
0.4579,0.1155,0.3093,0.278,N2,2.525
0.4216,0.1326,0.2646,0.2479,N2,2.533333
0.4234,0.1142,0.2698,0.2725,N2,2.541667
0.455,0.1436,0.298,0.3017,N2,2.55
0.474,0.0936,0.2745,0.2933,N2,2.558333
0.452,0.1321,0.3236,0.2845,N2,2.566667
0.4933,0.1257,0.2942,0.2624,N2,2.575
0.44,0.1139,0.2744,0.28,N2,2.583333
0.4412,0.1501,0.2423,0.2768,N2,2.591667
0.4148,0.1416,0.2523,0.2886,N2,2.6
0.447,0.1166,0.2713,0.2856,N2,2.608333
0.4459,0.128,0.3052,0.2531,N2,2.616667
0.4393,0.1289,0.2889,0.2449,N2,2.625
0.4869,0.0876,0.3203,0.2913,N2,2.633333
0.4377,0.136,0.2791,0.2752,N2,2.641667
0.4552,0.1173,0.2748,0.2796,N2,2.65
0.4526,0.115,0.2661,0.2619,N2,2.658333
0.4643,0.102,0.2706,0.2622,N2,2.666667
0.4635,0.1044,0.2855,0.2764,N2,2.675
0.4379,0.1131,0.2862,0.2819,N2,2.683333
0.4401,0.1196,0.2748,0.2738,N2,2.691667
0.4137,0.1275,0.2755,0.3126,N2,2.7
0.4263,0.1328,0.2659,0.2691,N2,2.708333
0.4679,0.1595,0.2702,0.3107,N2,2.716667
0.4542,0.1445,0.295,0.2704,N2,2.725
0.4192,0.1186,0.2947,0.2696,N2,2.733333
0.4315,0.1213,0.313,0.2658,N2,2.741667
0.4265,0.1505,0.2718,0.3006,N2,2.75
0.4337,0.1073,0.2815,0.2831,N2,2.758333
0.4571,0.1124,0.2598,0.2763,N2,2.766667
0.4473,0.1228,0.2431,0.2525,N2,2.775
0.4611,0.1403,0.2803,0.2784,N2,2.783333
0.51,0.1432,0.2587,0.2991,N2,2.791667
0.4379,0.1187,0.2935,0.268,N2,2.8
0.4539,0.1337,0.2396,0.2651,N2,2.808333
0.4716,0.1203,0.2761,0.2804,N2,2.816667
0.4769,0.1178,0.3017,0.2605,N2,2.825
0.4091,0.0846,0.28,0.2589,N2,2.833333
0.4768,0.1481,0.273,0.3004,N2,2.841667
0.4176,0.1476,0.2434,0.2495,N2,2.85
0.4552,0.1019,0.2654,0.2511,N2,2.858333
0.9072,0.1585,0.0465,0.0463,REM,2.866667
0.8918,0.1499,0.0559,0.0433,REM,2.875
0.8753,0.1457,0.0591,0.0572,REM,2.883333
0.9197,0.1099,0.044,0.0614,REM,2.891667
0.9265,0.1494,0.0308,0.0466,REM,2.9
0.9127,0.1815,0.0554,0.0566,REM,2.908333
0.8813,0.137,0.0482,0.0334,REM,2.916667
0.889,0.1011,0.0131,0.0587,REM,2.925
0.8875,0.1529,0.0339,0.0384,REM,2.933333
0.908,0.1827,0.0541,0.0742,REM,2.941667
0.889,0.154,0.0611,0.0559,REM,2.95
0.8855,0.1435,0.073,0.0294,REM,2.958333
0.8938,0.148,0.0496,0.038,REM,2.966667
0.905,0.1602,0.0345,0.0243,REM,2.975
0.9198,0.1546,0.0862,0.076,REM,2.983333
0.8641,0.1472,0.0643,0.1019,REM,2.991667
0.8674,0.1546,0.0556,0.063,REM,3.0
0.9482,0.1646,0.0441,0.0206,REM,3.008333
0.9121,0.1312,0.0101,0.0371,REM,3.016667
0.9168,0.1556,0.0517,0.0124,REM,3.025
0.8739,0.182,0.0618,0.0626,REM,3.033333
0.8989,0.1482,0.0,0.0581,REM,3.041667
0.5518,0.1323,0.3027,0.3169,N1,3.05
0.5095,0.1127,0.3273,0.2741,N1,3.058333
0.4687,0.2019,0.2982,0.3042,N1,3.066667
0.4538,0.1446,0.2887,0.2806,N1,3.075
0.4233,0.2007,0.2783,0.31,N2,3.083333
0.4262,0.1363,0.2863,0.2642,N2,3.091667
0.4808,0.1715,0.288,0.2625,N2,3.1
0.4447,0.1464,0.3259,0.3011,N2,3.108333
0.426,0.1543,0.3066,0.2968,N2,3.116667
0.4448,0.1928,0.2798,0.2833,N2,3.125
0.4551,0.1435,0.2875,0.2619,N2,3.133333
0.4522,0.1379,0.2685,0.279,N2,3.141667
0.4459,0.1667,0.2535,0.2911,N2,3.15
0.4752,0.1385,0.3109,0.2689,N2,3.158333
0.4836,0.1546,0.3172,0.2544,N2,3.166667
0.4264,0.1721,0.2777,0.2889,N2,3.175
0.4102,0.1325,0.2981,0.2662,N2,3.183333
0.4514,0.1601,0.279,0.3044,N2,3.191667
0.4448,0.1723,0.3103,0.2985,N2,3.2
0.4653,0.1846,0.2482,0.2802,N2,3.208333
0.4554,0.2054,0.2929,0.251,N2,3.216667
0.448,0.1609,0.2739,0.2771,N2,3.225
0.4501,0.146,0.2605,0.266,N2,3.233333
0.4271,0.1752,0.3124,0.2876,N2,3.241667
0.4386,0.1568,0.2546,0.2573,N2,3.25
0.4503,0.1609,0.2723,0.2919,N2,3.258333
0.4444,0.1421,0.2875,0.284,N2,3.266667
0.4466,0.1731,0.2864,0.2549,N2,3.275
0.447,0.1734,0.2822,0.2568,N2,3.283333
0.4523,0.1866,0.2759,0.2729,N2,3.291667
0.4684,0.1876,0.2667,0.2903,N2,3.3
0.4717,0.1737,0.2954,0.2911,N2,3.308333
0.4216,0.1551,0.2528,0.3135,N2,3.316667
0.469,0.1309,0.2494,0.3194,N2,3.325
0.4595,0.1508,0.269,0.2885,N2,3.333333
0.4615,0.1802,0.2592,0.2694,N2,3.341667
0.4325,0.1655,0.2629,0.2958,N2,3.35
0.4762,0.1843,0.2864,0.309,N2,3.358333
0.4516,0.1997,0.3213,0.3074,N2,3.366667
0.489,0.1978,0.2921,0.2591,N2,3.375
0.4702,0.1794,0.2823,0.2601,N2,3.383333
0.469,0.1537,0.2845,0.2716,N2,3.391667
0.4617,0.1819,0.2952,0.3039,N2,3.4
0.4505,0.1526,0.296,0.2738,N2,3.408333
0.473,0.1919,0.2448,0.2968,N2,3.416667
0.4593,0.157,0.2954,0.2753,N2,3.425
0.4345,0.1781,0.2913,0.2734,N2,3.433333
0.4331,0.192,0.2689,0.2694,N2,3.441667
0.3006,0.1406,0.1826,0.1976,N3,3.45
0.2833,0.1748,0.2068,0.2045,N3,3.458333
0.2998,0.1932,0.2152,0.2158,N3,3.466667
0.3213,0.1777,0.2118,0.2229,N3,3.475
0.2654,0.1698,0.1965,0.2129,N3,3.483333
0.2819,0.1574,0.1834,0.1852,N3,3.491667
0.3019,0.1844,0.1982,0.1989,N3,3.5
0.3301,0.1657,0.2091,0.2249,N3,3.508333
0.2757,0.1998,0.1773,0.1987,N3,3.516667
0.2703,0.1682,0.236,0.1979,N3,3.525
0.3025,0.1522,0.1807,0.2267,N3,3.533333
0.2883,0.1859,0.1621,0.1841,N3,3.541667
0.2887,0.1598,0.1915,0.1964,N3,3.55
0.2801,0.1624,0.2138,0.2009,N3,3.558333
0.2988,0.1779,0.1638,0.1966,N3,3.566667
0.3016,0.1984,0.2093,0.1946,N3,3.575
0.3127,0.154,0.2121,0.194,N3,3.583333
0.3005,0.1791,0.1781,0.2223,N3,3.591667
0.3016,0.1765,0.2078,0.1969,N3,3.6
0.3011,0.1694,0.2128,0.2284,N3,3.608333
0.2852,0.1794,0.2107,0.191,N3,3.616667
0.3013,0.1425,0.1911,0.2173,N3,3.625
0.3209,0.1654,0.2229,0.215,N3,3.633333
0.2953,0.1756,0.1787,0.2183,N3,3.641667
0.2597,0.1513,0.1908,0.2098,N3,3.65
0.3139,0.115,0.185,0.1991,N3,3.658333
0.2968,0.1732,0.2345,0.2112,N3,3.666667
0.3317,0.1272,0.2074,0.1884,N3,3.675
0.3054,0.1315,0.1403,0.2182,N3,3.683333
0.2785,0.1563,0.2201,0.236,N3,3.691667
0.4211,0.1546,0.2875,0.2979,N2,3.7
0.4827,0.1781,0.3127,0.2512,N2,3.708333
0.4427,0.1516,0.2985,0.2761,N2,3.716667
0.4947,0.1782,0.2954,0.2817,N2,3.725
0.4522,0.2076,0.2791,0.2755,N2,3.733333
0.4428,0.172,0.2649,0.2761,N2,3.741667
0.4272,0.1775,0.27,0.2387,N2,3.75
0.4486,0.1629,0.2804,0.2941,N2,3.758333
0.4283,0.1298,0.2792,0.3081,N2,3.766667
0.4246,0.1393,0.2803,0.2631,N2,3.775
0.4377,0.1534,0.2868,0.2936,N2,3.783333
0.4611,0.1471,0.263,0.235,N2,3.791667
0.4503,0.1584,0.2667,0.2682,N2,3.8
0.4245,0.1694,0.2839,0.2918,N2,3.808333
0.4467,0.1686,0.236,0.303,N2,3.816667
0.4723,0.1663,0.2566,0.2813,N2,3.825
0.4672,0.1646,0.3213,0.2678,N2,3.833333
0.4279,0.1183,0.2659,0.3094,N2,3.841667
0.4376,0.1404,0.2752,0.269,N2,3.85
0.4726,0.1539,0.3032,0.2661,N2,3.858333
0.4727,0.1408,0.281,0.2976,N2,3.866667
0.4291,0.1533,0.2976,0.2828,N2,3.875
0.4498,0.1358,0.2869,0.277,N2,3.883333
0.4575,0.116,0.2956,0.2777,N2,3.891667
0.4844,0.1751,0.284,0.2675,N2,3.9
0.4488,0.1423,0.2929,0.2731,N2,3.908333
0.4708,0.174,0.2623,0.2829,N2,3.916667
0.4374,0.1295,0.2316,0.2867,N2,3.925
0.4306,0.1243,0.2673,0.243,N2,3.933333
0.4622,0.1399,0.2544,0.2509,N2,3.941667
0.4542,0.1091,0.2961,0.25,N2,3.95
0.4556,0.1125,0.2711,0.294,N2,3.958333
0.4396,0.1864,0.2993,0.2963,N2,3.966667
0.4478,0.1113,0.3156,0.2384,N2,3.975
0.464,0.1708,0.242,0.26,N2,3.983333
0.4359,0.1026,0.2809,0.3061,N2,3.991667
0.4249,0.1138,0.2766,0.2633,N2,4.0
0.458,0.1405,0.2825,0.2656,N2,4.008333
0.4279,0.1294,0.2769,0.2847,N2,4.016667
0.4155,0.1481,0.2947,0.2591,N2,4.025
0.4385,0.1442,0.2974,0.2612,N2,4.033333
0.42,0.1195,0.2737,0.303,N2,4.041667
0.456,0.1723,0.3031,0.2787,N2,4.05
0.4586,0.1409,0.3072,0.2595,N2,4.058333
0.8738,0.1155,0.0783,0.061,REM,4.066667
0.9228,0.151,0.052,0.0426,REM,4.075
0.9192,0.1122,0.0512,0.0601,REM,4.083333
0.8623,0.1029,0.0486,0.0254,REM,4.091667
0.8661,0.141,0.0291,0.0611,REM,4.1
0.8922,0.1285,0.0702,0.0577,REM,4.108333
0.8895,0.1121,0.0668,0.0624,REM,4.116667
0.8929,0.123,0.0523,0.0645,REM,4.125
0.9366,0.1161,0.046,0.0792,REM,4.133333
0.9139,0.1123,0.0086,0.0264,REM,4.141667
0.9111,0.1227,0.0582,0.0607,REM,4.15
0.8899,0.1009,0.0568,0.0534,REM,4.158333
0.8757,0.1183,0.065,0.0366,REM,4.166667
0.8685,0.1512,0.0338,0.0499,REM,4.175
0.9032,0.0982,0.0597,0.0645,REM,4.183333
0.8928,0.1236,0.0459,0.043,REM,4.191667
0.9204,0.0901,0.0957,0.0601,REM,4.2
0.8891,0.1454,0.0929,0.067,REM,4.208333
0.8809,0.1862,0.0865,0.0514,REM,4.216667
0.9186,0.1253,0.0337,0.0514,REM,4.225
0.8918,0.141,0.0816,0.0384,REM,4.233333
0.8912,0.1387,0.0566,0.0604,REM,4.241667
0.8757,0.1696,0.0602,0.0597,REM,4.25
0.9423,0.1185,0.0551,0.0462,REM,4.258333
0.8938,0.0904,0.018,0.0482,REM,4.266667
0.9131,0.1421,0.0812,0.0124,REM,4.275
0.8843,0.13,0.0611,0.0376,REM,4.283333
0.9128,0.1216,0.0395,0.0333,REM,4.291667
0.88,0.1058,0.0535,0.0389,REM,4.3
0.8909,0.1175,0.0757,0.0209,REM,4.308333
0.9226,0.1106,0.0408,0.0643,REM,4.316667
0.9034,0.1176,0.0429,0.0641,REM,4.325
0.883,0.1223,0.0491,0.0254,REM,4.333333
0.8845,0.1574,0.0169,0.0686,REM,4.341667
0.8693,0.1541,0.0406,0.0218,REM,4.35
0.8657,0.149,0.0545,0.0662,REM,4.358333
0.9447,0.1093,0.0256,0.055,REM,4.366667
0.8919,0.1343,0.0413,0.081,REM,4.375
0.9029,0.1497,0.0742,0.0256,REM,4.383333
0.9143,0.1311,0.0607,0.0626,REM,4.391667
0.8367,0.1273,0.0456,0.0316,REM,4.4
0.9079,0.1137,0.0507,0.0066,REM,4.408333
0.889,0.1484,0.0389,0.0688,REM,4.416667
0.8897,0.1474,0.0564,0.0345,REM,4.425
0.9279,0.1736,0.0891,0.0819,REM,4.433333
0.9057,0.1211,0.0275,0.0283,REM,4.441667
0.9084,0.1079,0.0668,0.0487,REM,4.45
0.895,0.1254,0.0633,0.0448,REM,4.458333
0.4882,0.192,0.2958,0.3096,N1,4.466667
0.4769,0.1564,0.3491,0.3044,N1,4.475
0.5103,0.1582,0.3234,0.2965,N1,4.483333
0.4586,0.1621,0.3013,0.2896,N1,4.491667
0.4517,0.1272,0.2982,0.3248,N2,4.5
0.4589,0.1076,0.2864,0.3064,N2,4.508333
0.4461,0.1482,0.2664,0.2963,N2,4.516667
0.4353,0.1299,0.2843,0.2429,N2,4.525
0.4564,0.1477,0.2768,0.2803,N2,4.533333
0.4677,0.18,0.2499,0.2757,N2,4.541667
0.4375,0.1254,0.3027,0.3103,N2,4.55
0.4128,0.1517,0.2948,0.2933,N2,4.558333
0.4542,0.1592,0.3254,0.2473,N2,4.566667
0.4747,0.1541,0.2846,0.2616,N2,4.575
0.449,0.1611,0.2554,0.2821,N2,4.583333
0.442,0.138,0.3015,0.3189,N2,4.591667
0.449,0.1883,0.2473,0.2756,N2,4.6
0.45,0.1726,0.3027,0.3013,N2,4.608333
0.4496,0.1706,0.2935,0.2966,N2,4.616667
0.468,0.1287,0.2748,0.2523,N2,4.625
0.4386,0.1389,0.2862,0.2583,N2,4.633333
0.4372,0.1591,0.2831,0.2957,N2,4.641667
0.4259,0.1713,0.2683,0.2625,N2,4.65
0.4052,0.1642,0.3148,0.2702,N2,4.658333
0.4621,0.1567,0.2822,0.2955,N2,4.666667
0.4524,0.1643,0.2866,0.2795,N2,4.675
0.4249,0.156,0.2897,0.2656,N2,4.683333
0.4673,0.193,0.2739,0.2975,N2,4.691667
0.4511,0.1221,0.2491,0.2896,N2,4.7
0.4377,0.1707,0.2371,0.2737,N2,4.708333
0.4655,0.1713,0.2875,0.2668,N2,4.716667
0.4647,0.1771,0.2871,0.2687,N2,4.725
0.4299,0.1604,0.2955,0.295,N2,4.733333
0.4741,0.1759,0.2587,0.2773,N2,4.741667
0.4541,0.1743,0.274,0.2341,N2,4.75
0.4148,0.1948,0.2943,0.2782,N2,4.758333
0.4356,0.1955,0.3274,0.2959,N2,4.766667
0.4597,0.1803,0.2919,0.2876,N2,4.775
0.4432,0.1678,0.2753,0.2767,N2,4.783333
0.4404,0.1505,0.2931,0.2858,N2,4.791667
0.4518,0.1441,0.288,0.2853,N2,4.8
0.4466,0.1413,0.283,0.2405,N2,4.808333
0.4679,0.1481,0.2578,0.2679,N2,4.816667
0.4386,0.1566,0.2508,0.2562,N2,4.825
0.4101,0.1812,0.2577,0.2918,N2,4.833333
0.4876,0.1551,0.3045,0.2796,N2,4.841667
0.4433,0.1646,0.2981,0.3036,N2,4.85
0.4591,0.1753,0.233,0.2932,N2,4.858333
0.483,0.1623,0.2731,0.297,N2,4.866667
0.4782,0.1724,0.2869,0.2448,N2,4.875
0.4455,0.2084,0.2382,0.2793,N2,4.883333
0.4599,0.1884,0.2796,0.2637,N2,4.891667
0.2976,0.1565,0.193,0.2091,N3,4.9
0.3158,0.169,0.2511,0.1831,N3,4.908333
0.2727,0.1956,0.2077,0.2427,N3,4.916667
0.2851,0.1622,0.1696,0.2199,N3,4.925
0.3118,0.1783,0.2317,0.1919,N3,4.933333
0.3212,0.1705,0.1718,0.1789,N3,4.941667
0.2906,0.1638,0.1764,0.1811,N3,4.95
0.263,0.1849,0.214,0.173,N3,4.958333
0.3168,0.1645,0.1901,0.2032,N3,4.966667
0.2889,0.1444,0.1903,0.2069,N3,4.975
0.294,0.174,0.1674,0.222,N3,4.983333
0.2792,0.1709,0.2043,0.176,N3,4.991667
0.2887,0.226,0.201,0.1999,N3,5.0
0.3111,0.1813,0.2017,0.2109,N3,5.008333
0.4752,0.1365,0.2955,0.2739,N2,5.016667
0.4696,0.1588,0.2976,0.3002,N2,5.025
0.452,0.1504,0.2893,0.2819,N2,5.033333
0.4461,0.1667,0.2877,0.3243,N2,5.041667
0.4687,0.1611,0.3059,0.2646,N2,5.05
0.4376,0.1568,0.2789,0.2392,N2,5.058333
0.4574,0.1299,0.2774,0.3022,N2,5.066667
0.4618,0.1269,0.2754,0.2817,N2,5.075
0.4417,0.1738,0.3041,0.242,N2,5.083333
0.3911,0.1441,0.2945,0.3053,N2,5.091667
0.4487,0.1711,0.2579,0.3087,N2,5.1
0.4483,0.1899,0.3189,0.2528,N2,5.108333
0.4338,0.1351,0.2882,0.2628,N2,5.116667
0.4576,0.1594,0.254,0.255,N2,5.125
0.4357,0.1404,0.2893,0.2508,N2,5.133333
0.453,0.1582,0.2519,0.2939,N2,5.141667
0.4717,0.1834,0.2672,0.3005,N2,5.15
0.4472,0.1384,0.2881,0.2857,N2,5.158333
0.4374,0.1588,0.2907,0.2998,N2,5.166667
0.4703,0.1303,0.2877,0.2661,N2,5.175
0.4372,0.1423,0.2622,0.2569,N2,5.183333
0.4574,0.1459,0.2805,0.284,N2,5.191667
0.4406,0.1361,0.276,0.2825,N2,5.2
0.4271,0.1172,0.3197,0.2689,N2,5.208333
0.4462,0.1498,0.2696,0.2685,N2,5.216667
0.4702,0.1443,0.2652,0.27,N2,5.225
0.4314,0.135,0.2646,0.3006,N2,5.233333
0.4421,0.1399,0.2814,0.3019,N2,5.241667
0.4603,0.123,0.2941,0.2527,N2,5.25
0.4243,0.1305,0.3064,0.263,N2,5.258333
0.4425,0.1395,0.2847,0.2561,N2,5.266667
0.4437,0.1579,0.282,0.31,N2,5.275
0.4475,0.1179,0.2687,0.2638,N2,5.283333
0.4451,0.1213,0.293,0.2728,N2,5.291667
0.4669,0.1827,0.302,0.2897,N2,5.3
0.4517,0.1149,0.2836,0.2911,N2,5.308333
0.4063,0.1504,0.2801,0.2605,N2,5.316667
0.4578,0.141,0.293,0.2892,N2,5.325
0.4552,0.1438,0.2829,0.2611,N2,5.333333
0.4507,0.1043,0.2438,0.2614,N2,5.341667
0.4761,0.1326,0.261,0.2501,N2,5.35
0.487,0.1459,0.2846,0.2845,N2,5.358333
0.4313,0.1065,0.3052,0.2793,N2,5.366667
0.4634,0.166,0.265,0.2904,N2,5.375
0.4539,0.1113,0.3078,0.2659,N2,5.383333
0.4619,0.1071,0.3054,0.3126,N2,5.391667
0.4796,0.1766,0.2451,0.2502,N2,5.4
0.4603,0.1091,0.2587,0.2578,N2,5.408333
0.8829,0.1448,0.0884,0.0625,REM,5.416667
0.9016,0.1379,0.0811,0.0344,REM,5.425
0.888,0.1215,0.0582,0.0603,REM,5.433333
0.8743,0.1377,0.0694,0.0444,REM,5.441667
0.9058,0.1432,0.0288,0.0709,REM,5.45
0.9007,0.1446,0.0719,0.0581,REM,5.458333
0.8952,0.1393,0.0595,0.0571,REM,5.466667
0.9043,0.1254,0.0448,0.058,REM,5.475
0.9156,0.1165,0.0283,0.0487,REM,5.483333
0.9175,0.1269,0.0496,0.0587,REM,5.491667
0.9013,0.1596,0.0303,0.1014,REM,5.5
0.912,0.2032,0.0396,0.039,REM,5.508333
0.9076,0.1819,0.0329,0.0357,REM,5.516667
0.9165,0.1821,0.037,0.0448,REM,5.525
0.9037,0.1695,0.0558,0.0982,REM,5.533333
0.923,0.1784,0.0259,0.0744,REM,5.541667
0.8792,0.1651,0.0643,0.0741,REM,5.55
0.9058,0.2033,0.0118,0.1058,REM,5.558333
0.8995,0.2213,0.038,0.0276,REM,5.566667
0.9018,0.1875,0.0506,0.0334,REM,5.575
0.9459,0.2095,0.0569,0.053,REM,5.583333
0.8801,0.1595,0.0516,0.0595,REM,5.591667
0.8964,0.2077,0.0542,0.0357,REM,5.6
0.9378,0.196,0.0808,0.0524,REM,5.608333
0.9015,0.1478,0.0377,0.0504,REM,5.616667
0.8854,0.2187,0.0499,0.0541,REM,5.625
0.8899,0.1726,0.0659,0.049,REM,5.633333
0.8658,0.2034,0.0719,0.039,REM,5.641667
0.8756,0.2089,0.0574,0.0567,REM,5.65
0.8949,0.26,0.03,0.0308,REM,5.658333
0.9181,0.1666,0.0683,0.0756,REM,5.666667
0.9239,0.2184,0.0417,0.0593,REM,5.675
0.8842,0.2064,0.0123,0.0854,REM,5.683333
0.9048,0.2241,0.035,0.0612,REM,5.691667
0.8911,0.2237,0.0498,0.0199,REM,5.7
0.8803,0.2296,0.0375,0.0986,REM,5.708333
0.8879,0.208,0.0726,0.0377,REM,5.716667
0.9343,0.218,0.0585,0.0556,REM,5.725
0.8917,0.2452,0.0262,0.0541,REM,5.733333
0.8989,0.2533,0.0214,0.0694,REM,5.741667
0.8719,0.2359,0.061,0.032,REM,5.75
0.882,0.2127,0.061,0.0375,REM,5.758333
0.9198,0.216,0.0157,0.0566,REM,5.766667
0.8866,0.2267,0.0921,0.0076,REM,5.775
0.8758,0.2179,0.0764,0.058,REM,5.783333
0.8882,0.2212,0.0487,0.0769,REM,5.791667
0.9387,0.202,0.0693,0.0729,REM,5.8
0.8862,0.2329,0.0815,0.0686,REM,5.808333
0.9135,0.2056,0.0546,0.0409,REM,5.816667
0.8923,0.2327,0.0384,0.0727,REM,5.825
0.8917,0.2501,0.0579,0.0322,REM,5.833333
0.8636,0.2132,0.0797,0.044,REM,5.841667
0.8939,0.2247,0.0425,0.0686,REM,5.85
0.8782,0.2387,0.0662,0.0344,REM,5.858333
0.8575,0.2572,0.0399,0.0773,REM,5.866667
0.8757,0.243,0.0778,0.0563,REM,5.875
0.8734,0.2341,0.0447,0.0937,REM,5.883333
0.8792,0.2264,0.087,0.0748,REM,5.891667
0.4897,0.2473,0.3056,0.3012,N1,5.9
0.5226,0.2714,0.2709,0.31,N1,5.908333
0.5325,0.2399,0.2942,0.2898,N1,5.916667
0.5236,0.2664,0.2757,0.313,N1,5.925
0.4523,0.2506,0.2625,0.2714,N2,5.933333
0.4215,0.2859,0.2864,0.2711,N2,5.941667
0.4352,0.2552,0.2489,0.2789,N2,5.95
0.4925,0.2859,0.2997,0.2693,N2,5.958333
0.4263,0.2619,0.3177,0.2817,N2,5.966667
0.4554,0.2433,0.3156,0.2767,N2,5.975
0.4497,0.2611,0.2801,0.2879,N2,5.983333
0.4384,0.2703,0.2737,0.2838,N2,5.991667
0.4543,0.2958,0.2847,0.2649,N2,6.0
0.4252,0.2913,0.2592,0.3125,N2,6.008333
0.4454,0.2903,0.2678,0.3089,N2,6.016667
0.4719,0.3267,0.2655,0.2985,N2,6.025
0.4758,0.2904,0.279,0.2657,N2,6.033333
0.4642,0.2863,0.2686,0.2522,N2,6.041667
0.4517,0.3078,0.2643,0.3095,N2,6.05
0.4812,0.3065,0.2861,0.2558,N2,6.058333
0.4661,0.3109,0.3014,0.2743,N2,6.066667
0.449,0.3135,0.3083,0.2636,N2,6.075
0.4367,0.2899,0.297,0.2764,N2,6.083333
0.4536,0.3035,0.2708,0.2835,N2,6.091667
0.4294,0.322,0.2669,0.2735,N2,6.1
0.4486,0.3506,0.2533,0.2638,N2,6.108333
0.4497,0.3532,0.2772,0.3042,N2,6.116667
0.4774,0.3306,0.2881,0.2748,N2,6.125
0.4553,0.3144,0.2873,0.2693,N2,6.133333
0.465,0.3259,0.2575,0.2864,N2,6.141667
0.4609,0.3615,0.3099,0.2613,N2,6.15
0.4347,0.3475,0.2861,0.2822,N2,6.158333
0.4766,0.3265,0.2979,0.2846,N2,6.166667
0.459,0.3508,0.3169,0.3201,N2,6.175
0.4507,0.3308,0.2734,0.3094,N2,6.183333
0.4377,0.3327,0.2788,0.302,N2,6.191667
0.4414,0.3721,0.2597,0.2554,N2,6.2
0.4258,0.3696,0.3153,0.2968,N2,6.208333
0.4376,0.363,0.3052,0.3094,N2,6.216667
0.4237,0.3712,0.2913,0.2783,N2,6.225
0.4294,0.3963,0.2967,0.2969,N2,6.233333
0.4439,0.3651,0.3104,0.2666,N2,6.241667
0.4515,0.3694,0.2952,0.2819,N2,6.25
0.3968,0.3581,0.2902,0.2928,N2,6.258333
0.4547,0.3939,0.314,0.2641,N2,6.266667
0.4297,0.3997,0.2578,0.2773,N2,6.275
0.4994,0.4149,0.2294,0.3182,N2,6.283333
0.4397,0.3602,0.2573,0.2782,N2,6.291667
0.4322,0.4036,0.2868,0.2804,N2,6.3
0.4621,0.4334,0.2684,0.2686,N2,6.308333
0.4608,0.4171,0.3282,0.26,N2,6.316667
0.4204,0.4257,0.2918,0.2663,N2,6.325
0.4619,0.446,0.3031,0.2872,N2,6.333333
0.4524,0.4553,0.3111,0.2822,N2,6.341667
0.4545,0.4031,0.2739,0.2928,N2,6.35
0.4394,0.4437,0.2472,0.2927,N2,6.358333
0.4571,0.4722,0.2989,0.2982,N2,6.366667
0.4389,0.4618,0.2807,0.2607,N2,6.375
0.4245,0.4514,0.2665,0.242,N2,6.383333
0.4469,0.5024,0.2694,0.2977,N2,6.391667
0.4306,0.4895,0.2903,0.269,N2,6.4
0.4396,0.4821,0.2851,0.2665,N2,6.408333
0.4611,0.4899,0.2574,0.2659,N2,6.416667
0.4658,0.4887,0.2744,0.2745,N2,6.425
0.424,0.4724,0.3309,0.2584,N2,6.433333
0.4477,0.4754,0.2683,0.258,N2,6.441667
0.4467,0.4785,0.2542,0.2799,N2,6.45
0.4588,0.499,0.2895,0.2981,N2,6.458333
0.4673,0.4932,0.2633,0.2491,N2,6.466667
0.4423,0.5344,0.305,0.2811,N2,6.475
0.4533,0.5309,0.3019,0.317,N2,6.483333
0.4448,0.5302,0.3127,0.3364,N2,6.491667
0.4675,0.4781,0.3019,0.2924,N2,6.5
0.4284,0.5289,0.2976,0.3081,N2,6.508333
0.4863,0.5163,0.2731,0.2926,N2,6.516667
0.4482,0.5373,0.2453,0.267,N2,6.525
0.4569,0.5814,0.2824,0.267,N2,6.533333
0.449,0.563,0.2994,0.2635,N2,6.541667
0.4273,0.5272,0.3174,0.2915,N2,6.55
0.4684,0.5739,0.2649,0.2773,N2,6.558333
0.4636,0.5537,0.2808,0.2806,N2,6.566667
0.4265,0.6069,0.2992,0.2756,N2,6.575
0.4361,0.5985,0.2959,0.289,N2,6.583333
0.4815,0.5957,0.2657,0.2959,N2,6.591667
0.4845,0.5507,0.274,0.2937,N2,6.6
0.4598,0.6186,0.2871,0.274,N2,6.608333
0.4785,0.5804,0.3144,0.2723,N2,6.616667
0.4408,0.6048,0.2521,0.2908,N2,6.625
0.2993,0.5848,0.1867,0.1994,N3,6.633333
0.2977,0.612,0.1976,0.194,N3,6.641667
0.2839,0.5961,0.1856,0.2204,N3,6.65
0.2946,0.5426,0.1964,0.177,N3,6.658333
0.2915,0.6239,0.2342,0.2124,N3,6.666667
0.2931,0.661,0.2115,0.2064,N3,6.675
0.441,0.6048,0.2609,0.2916,N2,6.683333
0.4598,0.6416,0.2917,0.2845,N2,6.691667
0.4753,0.6303,0.2716,0.2946,N2,6.7
0.4478,0.6569,0.2756,0.2937,N2,6.708333
0.4806,0.6482,0.2591,0.2614,N2,6.716667
0.5047,0.6373,0.2699,0.2719,N2,6.725
0.4358,0.6722,0.2387,0.2709,N2,6.733333
0.4272,0.6438,0.2956,0.2521,N2,6.741667
0.4625,0.6505,0.2669,0.2649,N2,6.75
0.4743,0.6356,0.2969,0.315,N2,6.758333
0.4297,0.6816,0.2966,0.3081,N2,6.766667
0.4681,0.6568,0.2792,0.2815,N2,6.775
0.464,0.7113,0.2638,0.2524,N2,6.783333
0.4681,0.6616,0.2846,0.2663,N2,6.791667
0.4306,0.6627,0.2782,0.2769,N2,6.8
0.4179,0.6878,0.244,0.2672,N2,6.808333
0.4761,0.6642,0.2691,0.2481,N2,6.816667
0.4712,0.6979,0.3207,0.2547,N2,6.825
0.4269,0.686,0.2864,0.3146,N2,6.833333
0.4449,0.7149,0.291,0.2845,N2,6.841667
0.4631,0.6634,0.2906,0.2998,N2,6.85
0.4636,0.738,0.2507,0.2829,N2,6.858333
0.4187,0.6986,0.2922,0.2972,N2,6.866667
0.435,0.7058,0.2798,0.305,N2,6.875
0.4686,0.7176,0.3064,0.2912,N2,6.883333
0.4706,0.7331,0.2802,0.2848,N2,6.891667
0.4541,0.6936,0.2831,0.308,N2,6.9
0.4644,0.7292,0.2878,0.2991,N2,6.908333
0.4922,0.7201,0.2489,0.3135,N2,6.916667
0.4062,0.721,0.2814,0.3012,N2,6.925
0.456,0.7636,0.2677,0.3058,N2,6.933333
0.4458,0.7473,0.2667,0.2785,N2,6.941667
0.4227,0.7373,0.3014,0.2867,N2,6.95
0.4662,0.7711,0.2611,0.2747,N2,6.958333
0.4519,0.7806,0.2743,0.2851,N2,6.966667
0.4585,0.7306,0.2367,0.2689,N2,6.975
0.4513,0.7449,0.3083,0.2652,N2,6.983333
0.4603,0.7836,0.293,0.2943,N2,6.991667
0.4612,0.7469,0.2848,0.3064,N2,7.0
0.4429,0.768,0.2451,0.2663,N2,7.008333
0.4575,0.7426,0.2903,0.2774,N2,7.016667
0.4408,0.771,0.2751,0.2845,N2,7.025
0.4774,0.7725,0.3055,0.2673,N2,7.033333
0.4392,0.815,0.2739,0.2713,N2,7.041667
0.4567,0.7638,0.2377,0.266,N2,7.05
0.4855,0.7764,0.2992,0.2812,N2,7.058333
0.8705,0.7796,0.0795,0.0408,REM,7.066667
0.906,0.7838,0.0537,0.0764,REM,7.075
0.9129,0.8045,0.0623,0.0412,REM,7.083333
0.9167,0.7742,0.0579,0.0292,REM,7.091667
0.9306,0.8017,0.0816,0.0228,REM,7.1
0.8783,0.7765,0.0235,0.047,REM,7.108333
0.8775,0.7994,0.0475,0.02,REM,7.116667
0.8786,0.8425,0.0412,0.0492,REM,7.125
0.8972,0.8021,0.0409,0.0202,REM,7.133333
0.907,0.8063,0.0251,0.0694,REM,7.141667
0.9272,0.7876,0.027,0.0458,REM,7.15
0.8968,0.844,0.0514,0.0546,REM,7.158333
0.9103,0.8011,0.0825,0.0813,REM,7.166667
0.8735,0.7877,0.062,0.0275,REM,7.175
0.9104,0.8061,0.0438,0.0671,REM,7.183333
0.909,0.808,0.0519,0.0378,REM,7.191667
0.9426,0.8234,0.0405,0.0545,REM,7.2
0.9049,0.8296,0.0386,0.0239,REM,7.208333
0.9024,0.8372,0.0546,0.0598,REM,7.216667
0.9002,0.848,0.0409,0.0173,REM,7.225
0.9212,0.8594,0.0752,0.0481,REM,7.233333
0.8842,0.7931,0.032,0.0544,REM,7.241667
0.9012,0.8085,0.0446,0.062,REM,7.25
0.8892,0.8351,0.0391,0.0399,REM,7.258333
0.9173,0.8066,0.023,0.0609,REM,7.266667
0.8872,0.8183,0.0299,0.0662,REM,7.275
0.9219,0.8491,0.0523,0.0909,REM,7.283333
0.8799,0.8375,0.0441,0.0402,REM,7.291667
0.8747,0.8512,0.0279,0.0438,REM,7.3
0.9087,0.8505,0.038,0.0639,REM,7.308333
0.9069,0.8541,0.0207,0.0515,REM,7.316667
0.8932,0.8544,0.0418,0.0326,REM,7.325
0.9054,0.8762,0.0408,0.0652,REM,7.333333
0.8959,0.8266,0.0562,0.0551,REM,7.341667
0.9338,0.8633,0.0473,0.0585,REM,7.35
0.8962,0.8389,0.0238,0.0,REM,7.358333
0.914,0.8541,0.0485,0.0343,REM,7.366667
0.8645,0.8055,0.0596,0.0529,REM,7.375
0.9246,0.8361,0.0632,0.0469,REM,7.383333
0.9393,0.866,0.0539,0.0921,REM,7.391667
0.9002,0.8069,0.0473,0.0171,REM,7.4
0.9106,0.8451,0.0566,0.0501,REM,7.408333
0.8811,0.8236,0.0672,0.0499,REM,7.416667
0.899,0.8641,0.0711,0.0891,REM,7.425
0.9034,0.8507,0.0592,0.0369,REM,7.433333
0.8894,0.8347,0.0708,0.0246,REM,7.441667
0.8827,0.8633,0.0817,0.048,REM,7.45
0.8788,0.8495,0.0597,0.0819,REM,7.458333
0.9232,0.8809,0.0481,0.0592,REM,7.466667
0.9292,0.8684,0.0466,0.0561,REM,7.475
0.9295,0.875,0.0288,0.0245,REM,7.483333
0.8884,0.8646,0.0764,0.0749,REM,7.491667
0.8669,0.8532,0.0775,0.0114,REM,7.5
0.9011,0.8766,0.0834,0.0459,REM,7.508333
0.9083,0.8843,0.0436,0.0894,REM,7.516667
0.8768,0.8584,0.0589,0.024,REM,7.525
0.8695,0.866,0.0567,0.0169,REM,7.533333
0.9065,0.8737,0.0882,0.0585,REM,7.541667
0.8882,0.8811,0.0552,0.0177,REM,7.55
0.8962,0.853,0.0536,0.0487,REM,7.558333
0.9163,0.8565,0.0635,0.0434,REM,7.566667
0.9122,0.8539,0.0816,0.0456,REM,7.575
0.8977,0.869,0.0,0.0454,REM,7.583333
0.9348,0.8184,0.048,0.0559,REM,7.591667
0.4846,0.8295,0.3047,0.314,N1,7.6
0.4626,0.8287,0.3025,0.3176,N1,7.608333
0.4853,0.8203,0.2937,0.3006,N1,7.616667
0.4893,0.8219,0.2981,0.292,N1,7.625
0.4512,0.8318,0.2562,0.2624,N2,7.633333
0.4771,0.7687,0.2638,0.2903,N2,7.641667
0.4387,0.778,0.2729,0.2588,N2,7.65
0.4384,0.7578,0.2978,0.2478,N2,7.658333
0.4618,0.8064,0.2854,0.2741,N2,7.666667
0.4669,0.7759,0.2568,0.2603,N2,7.675
0.4583,0.7759,0.2746,0.2939,N2,7.683333
0.4674,0.7601,0.2876,0.2708,N2,7.691667
0.4581,0.7595,0.2691,0.2991,N2,7.7
0.4391,0.748,0.3043,0.2671,N2,7.708333
0.4366,0.7553,0.2875,0.288,N2,7.716667
0.4671,0.7537,0.2543,0.2771,N2,7.725
0.5047,0.7513,0.2648,0.3243,N2,7.733333
0.405,0.7258,0.2533,0.2748,N2,7.741667
0.4844,0.7045,0.2676,0.2986,N2,7.75
0.4304,0.7254,0.241,0.2738,N2,7.758333
0.4634,0.7136,0.3097,0.288,N2,7.766667
0.4436,0.692,0.2679,0.2513,N2,7.775
0.4364,0.7341,0.298,0.2981,N2,7.783333
0.4072,0.7054,0.2793,0.3046,N2,7.791667
0.4645,0.6974,0.2844,0.2802,N2,7.8
0.4521,0.7242,0.2876,0.2638,N2,7.808333
0.4547,0.6755,0.3032,0.2842,N2,7.816667
0.4922,0.6879,0.2722,0.2881,N2,7.825
0.4503,0.6805,0.321,0.2736,N2,7.833333
0.4433,0.6747,0.2744,0.2382,N2,7.841667
0.4312,0.6806,0.2648,0.3179,N2,7.85
0.4419,0.6539,0.278,0.2703,N2,7.858333
0.4842,0.6275,0.2766,0.2623,N2,7.866667
0.4125,0.6698,0.2524,0.2703,N2,7.875
0.4717,0.662,0.245,0.2943,N2,7.883333
0.4517,0.662,0.267,0.2565,N2,7.891667
0.4431,0.6775,0.2669,0.2572,N2,7.9
0.4929,0.6762,0.279,0.3163,N2,7.908333
0.4611,0.6986,0.2876,0.2423,N2,7.916667
0.4408,0.6453,0.254,0.274,N2,7.925
0.4466,0.6349,0.2814,0.2943,N2,7.933333
0.4424,0.6154,0.2674,0.298,N2,7.941667
0.4765,0.669,0.2728,0.2863,N2,7.95
0.477,0.6062,0.2467,0.3103,N2,7.958333
0.4709,0.6139,0.2647,0.3168,N2,7.966667
0.4182,0.6417,0.2739,0.2443,N2,7.975
0.4525,0.6042,0.2634,0.3029,N2,7.983333
0.4403,0.577,0.2524,0.2631,N2,7.991667
